<?xml version="1.0" encoding="UTF-8" standalone="no"?>
<feature id="org.wso2.carbon.eventsimulator.server" label="WSO2 Carbon - Event Simulator Server Feature" provider-name="%providerName" version="1.0.1">
  <description>This feature contains the core bundles required for Back-end Event Simulator functionality</description>
  <copyright>%copyright</copyright>
  <license url="%licenseURL">%license</license>
  <plugin id="org.wso2.carbon.eventsimulator.core" unpack="false" version="1.0.0"/>
  <plugin id="org.wso2.carbon.eventsimulator.admin" unpack="false" version="1.0.0"/>
  <require>
    <import feature="org.wso2.carbon.core.server" match="equivalent" version="4.2.0"/>
  </require>
</feature>
