<?xml version="1.0" encoding="UTF-8" standalone="no"?>
<feature id="org.wso2.carbon.eventsimulator" label="WSO2 Carbon - Event Simulator Feature" provider-name="%providerName" version="1.0.0">
  <description>This feature contains the bundles required for Event Simulator feature.</description>
  <copyright>%copyright</copyright>
  <license url="%licenseURL">%license</license>
  <require>
    <import feature="org.wso2.carbon.core" match="equivalent" version="4.2.0"/>
  </require>
  <includes id="org.wso2.carbon.event.simulator.server" optional="false" version="1.0.0"/>
  <includes id="org.wso2.carbon.event.simulator.ui" optional="false" version="1.0.0"/>
</feature>
